{"pdf_times": {"Alma Better.pdf": 1732000415.431127, "Amber Student.pdf": 1732000416.3967392, "Ample Savings.pdf": 1732000415.6042848, "Assan Checkout.pdf": 1732000418.1985474, "Bitla Soft.pdf": 1732000414.3524456, "BOLT.pdf": 1732000414.2589252, "BYJU's.pdf": 1732000414.2124414, "Dealshare.pdf": 1732000414.1634238, "DevLabs.pdf": 1732000416.5792933, "Dubverse.pdf": 1732000415.0967302, "Edwisely Dashboard.pdf": 1732000415.2801194, "Eggoz.pdf": 1732000414.4572976, "Electric One.pdf": 1732000415.6623075, "ENEReady.pdf": 1732000414.3034568, "FitBasix.pdf": 1732000414.5088477, "Fluxo Payments.pdf": 1732000414.0346012, "GIGL.pdf": 1732000413.994098, "GLU.pdf": 1732000414.7984197, "GoalTeller.pdf": 1732000416.2847435, "GoDigit.pdf": 1732000414.1034112, "Hippo Stores.pdf": 1732000413.910676, "Kutumb.pdf": 1732000414.4065754, "L&T Metro Rail.pdf": 1732000413.8253796, "LIVO.pdf": 1732000413.739313, "MAX.pdf": 1732000413.9555714, "MITRA_VAHAN.pdf": 1732000414.5553048, "MOMKN.pdf": 1732000413.6986475, "MultiLiving.pdf": 1732000413.6585863, "Nord Anglia.pdf": 1732000413.6179018, "Opinito.pdf": 1732000413.7805374, "OTO Capitals.pdf": 1732000413.5184782, "Palonu.pdf": 1732000415.3572261, "Rapid Box.pdf": 1732000415.797749, "SafexPay.pdf": 1732000413.8666124, "Showkase.pdf": 1732000418.1375606, "SlayPay.pdf": 1732000413.5742977, "StudyIQ.pdf": 1732000413.4768188, "Synapsica.pdf": 1732000414.7347152, "Thrucare.pdf": 1732000413.4341483, "Tick.pdf": 1732000417.284253, "Top Faculty.pdf": 1732000413.378719, "Tranzact.pdf": 1732000417.918445, "Tummoc.pdf": 1732000415.476755, "Zee.pdf": 1732000416.6254613}, "last_processed": "2024-11-19T13:00:55.042398"}